index,timestamp,timestamp_clean,download_time,original_filename,new_filename,prompt_text
1,[0:00],0-00,2026-10-08 08:46:07,b2028825-019e-4b21-be8c-0cd234771337.jpg,"[0-00] Hand-drawn 2D doodle cartoon animation, flat colors, bold black outlines, slightly imperfect sketchy marker lines, a snarling, exaggerated muscle-bound stick figure.jpg","Hand-drawn 2D doodle cartoon animation, flat colors, bold black outlines, slightly imperfect sketchy marker lines, a snarling, exaggerated muscle-bound stick figure holding a sword, a thick red diagonal X drawn across the whole scene, tan background, no gradients, no shadows, no textures, no photorealism, no 3D, 16:9 aspect ratio, educational YouTube explainer doodle style. Do not render the timestamp text."
2,[0:10],0-10,2026-10-08 08:47:09,a6168e2d-1bbf-434b-9b01-0abc4839ab5b.jpg,"[0-10] Hand-drawn 2D doodle cartoon animation, flat colors, bold black outlines, slightly imperfect sketchy marker lines, a simple film clapperboard icon labeled HOLLYWOOD in.jpg","Hand-drawn 2D doodle cartoon animation, flat colors, bold black outlines, slightly imperfect sketchy marker lines, a simple film clapperboard icon labeled HOLLYWOOD in bold ALL CAPS marker text, white background, no gradients, no shadows, no textures, no photorealism, no 3D, 16:9 aspect ratio, educational YouTube explainer doodle style. Do not render the timestamp text."
3,[0:12],0-12,2026-10-08 08:48:19,2e130298-6c17-4b34-99bb-6eb9866337db.jpg,"[0-12] Hand-drawn 2D doodle cartoon animation, flat colors, bold black outlines, slightly imperfect sketchy marker lines, an old stone tombstone icon and an unrolled scroll.jpg","Hand-drawn 2D doodle cartoon animation, flat colors, bold black outlines, slightly imperfect sketchy marker lines, an old stone tombstone icon and an unrolled scroll beside bold text reading THE REAL RECORD, tan background, no gradients, no shadows, no textures, no photorealism, no 3D, 16:9 aspect ratio, educational YouTube explainer doodle style. Do not render the timestamp text."
4,[0:18],0-18,2026-10-08 08:49:19,b7c68d83-e42e-417a-ad4c-f1df8fe67e5b.jpg,"[0-18] Hand-drawn 2D doodle cartoon animation, flat colors, bold black outlines, slightly imperfect sketchy marker lines, a stick figure gladiator standing beside a large.jpg","Hand-drawn 2D doodle cartoon animation, flat colors, bold black outlines, slightly imperfect sketchy marker lines, a stick figure gladiator standing beside a large money bag icon, tan background, no gradients, no shadows, no textures, no photorealism, no 3D, 16:9 aspect ratio, educational YouTube explainer doodle style. Do not render the timestamp text."
5,[0:25],0-25,2026-10-08 08:50:19,a9ae2cdd-397e-4b35-9231-056fb31eb9fc.jpg,"[0-25] Hand-drawn 2D doodle cartoon animation, flat colors, bold black outlines, slightly imperfect sketchy marker lines, the same gladiator stick figure standing inside a.jpg","Hand-drawn 2D doodle cartoon animation, flat colors, bold black outlines, slightly imperfect sketchy marker lines, the same gladiator stick figure standing inside a protective glowing circle outline, tan background, no gradients, no shadows, no textures, no photorealism, no 3D, 16:9 aspect ratio, educational YouTube explainer doodle style. Do not render the timestamp text."
6,[0:34],0-34,2026-10-08 08:51:20,016ec178-1ac0-48b5-bca3-d203f818c985.jpg,"[0-34] Hand-drawn 2D doodle cartoon animation, flat colors, bold black outlines, slightly imperfect sketchy marker lines, large bold ALL CAPS red marker text centered reading.jpg","Hand-drawn 2D doodle cartoon animation, flat colors, bold black outlines, slightly imperfect sketchy marker lines, large bold ALL CAPS red marker text centered reading 7 STAGES, white background, no gradients, no shadows, no textures, no photorealism, no 3D, 16:9 aspect ratio, educational YouTube explainer doodle style. Do not render the timestamp text."
7,[0:38],0-38,2026-10-08 08:52:19,4d2752bc-045d-49aa-a890-e6e52862bcf9.jpg,"[0-38] Hand-drawn 2D doodle cartoon animation, flat colors, bold black outlines, slightly imperfect sketchy marker lines, a simple bone icon, a tombstone icon, and an unrolled.jpg","Hand-drawn 2D doodle cartoon animation, flat colors, bold black outlines, slightly imperfect sketchy marker lines, a simple bone icon, a tombstone icon, and an unrolled scroll arranged together in a row, tan background, no gradients, no shadows, no textures, no photorealism, no 3D, 16:9 aspect ratio, educational YouTube explainer doodle style. Do not render the timestamp text."
8,[0:49],0-49,2026-10-08 08:53:20,b248db28-0e34-4c0a-a5b6-06e470e9a009.jpg,"[0-49] Hand-drawn 2D doodle cartoon animation, flat colors, bold black outlines, slightly imperfect sketchy marker lines, a large yellow question mark over an ordinary stick.jpg","Hand-drawn 2D doodle cartoon animation, flat colors, bold black outlines, slightly imperfect sketchy marker lines, a large yellow question mark over an ordinary stick figure wearing simple chain shackles on its wrists, tan background, no gradients, no shadows, no textures, no photorealism, no 3D, 16:9 aspect ratio, educational YouTube explainer doodle style. Do not render the timestamp text."
9,[1:00],1-00,2026-10-08 08:54:19,74c391be-3b27-4f4b-9b58-69864bfe4a77.jpg,"[1-00] Hand-drawn 2D doodle cartoon animation, flat colors, bold black outlines, slightly imperfect sketchy marker lines, large bold ALL CAPS red marker text centered reading.jpg","Hand-drawn 2D doodle cartoon animation, flat colors, bold black outlines, slightly imperfect sketchy marker lines, large bold ALL CAPS red marker text centered reading STAGE ONE, tan background, no gradients, no shadows, no textures, no photorealism, no 3D, 16:9 aspect ratio, educational YouTube explainer doodle style. Do not render the timestamp text."
10,[1:04],1-04,2026-10-08 08:55:19,4c2dc14c-d4ea-401f-99ee-d2b5639b691c.jpg,"[1-04] Hand-drawn 2D doodle cartoon animation, flat colors, bold black outlines, slightly imperfect sketchy marker lines, three small stick figures standing in a row labeled.jpg","Hand-drawn 2D doodle cartoon animation, flat colors, bold black outlines, slightly imperfect sketchy marker lines, three small stick figures standing in a row labeled PRISONER, CRIMINAL, and ENSLAVED in bold ALL CAPS marker text, chains on their wrists, tan background, no gradients, no shadows, no textures, no photorealism, no 3D, 16:9 aspect ratio, educational YouTube explainer doodle style. Do not render the timestamp text."
11,[1:13],1-13,2026-10-08 08:56:19,cc6deba7-89ed-4d11-8da9-8b47534ddb3e.jpg,"[1-13] Hand-drawn 2D doodle cartoon animation, flat colors, bold black outlines, slightly imperfect sketchy marker lines, a stick figure wearing a simple toga signing a.jpg","Hand-drawn 2D doodle cartoon animation, flat colors, bold black outlines, slightly imperfect sketchy marker lines, a stick figure wearing a simple toga signing a document at a table, a small coin bag and laurel icon beside it, tan background, no gradients, no shadows, no textures, no photorealism, no 3D, 16:9 aspect ratio, educational YouTube explainer doodle style. Do not render the timestamp text."
12,[1:27],1-27,2026-10-08 08:57:19,3171bd2d-be82-4276-b295-02b604b66228.jpg,"[1-27] Hand-drawn 2D doodle cartoon animation, flat colors, bold black outlines, slightly imperfect sketchy marker lines, a stick figure walking forward along a path toward a.jpg","Hand-drawn 2D doodle cartoon animation, flat colors, bold black outlines, slightly imperfect sketchy marker lines, a stick figure walking forward along a path toward a distant gate, no weapon in hand yet, tan background, no gradients, no shadows, no textures, no photorealism, no 3D, 16:9 aspect ratio, educational YouTube explainer doodle style. Do not render the timestamp text."
13,[1:35],1-35,2026-10-08 08:58:19,86a7be34-cc14-462f-a753-3d2b3cca6dc1.jpg,"[1-35] Hand-drawn 2D doodle cartoon animation, flat colors, bold black outlines, slightly imperfect sketchy marker lines, large bold ALL CAPS red marker text centered reading.jpg","Hand-drawn 2D doodle cartoon animation, flat colors, bold black outlines, slightly imperfect sketchy marker lines, large bold ALL CAPS red marker text centered reading STAGE TWO, white background, no gradients, no shadows, no textures, no photorealism, no 3D, 16:9 aspect ratio, educational YouTube explainer doodle style. Do not render the timestamp text."
14,[1:37],1-37,2026-10-08 08:59:20,17d964a0-7429-4f13-b0b8-f114d871dc38.jpg,"[1-37] Hand-drawn 2D doodle cartoon animation, flat colors, bold black outlines, slightly imperfect sketchy marker lines, a stick figure standing before a stone gateway.jpg","Hand-drawn 2D doodle cartoon animation, flat colors, bold black outlines, slightly imperfect sketchy marker lines, a stick figure standing before a stone gateway labeled LUDUS, reciting from an unrolled scroll, tan background, no gradients, no shadows, no textures, no photorealism, no 3D, 16:9 aspect ratio, educational YouTube explainer doodle style. Do not render the timestamp text."
15,[1:44],1-44,2026-10-08 09:00:20,bdd6a33d-e0d4-43b1-a10f-478c7e6f1948.jpg,"[1-44] Hand-drawn 2D doodle cartoon animation, flat colors, bold black outlines, slightly imperfect sketchy marker lines, four small icons in a row a flame, a rope, a raised.jpg","Hand-drawn 2D doodle cartoon animation, flat colors, bold black outlines, slightly imperfect sketchy marker lines, four small icons in a row: a flame, a rope, a raised fist, and a sword, each labeled with a single bold word beneath, tan background, no gradients, no shadows, no textures, no photorealism, no 3D, 16:9 aspect ratio, educational YouTube explainer doodle style. Do not render the timestamp text."
16,[1:55],1-55,2026-10-08 09:01:19,70cb4250-ec04-4b3c-88e5-ebdd91a096d8.jpg,"[1-55] Hand-drawn 2D doodle cartoon animation, flat colors, bold black outlines, slightly imperfect sketchy marker lines, bold ALL CAPS black marker text reading METAPHOR with.jpg","Hand-drawn 2D doodle cartoon animation, flat colors, bold black outlines, slightly imperfect sketchy marker lines, bold ALL CAPS black marker text reading METAPHOR with a thick red diagonal X drawn across it, white background, no gradients, no shadows, no textures, no photorealism, no 3D, 16:9 aspect ratio, educational YouTube explainer doodle style. Do not render the timestamp text."
17,[1:57],1-57,2026-10-08 09:02:19,11f9d6a8-c528-4ddd-8633-4dc3a6d86cd9.jpg,"[1-57] Hand-drawn 2D doodle cartoon animation, flat colors, bold black outlines, slightly imperfect sketchy marker lines, a simple balance scale icon of justice shown broken.jpg","Hand-drawn 2D doodle cartoon animation, flat colors, bold black outlines, slightly imperfect sketchy marker lines, a simple balance scale icon of justice shown broken and tilted, tan background, no gradients, no shadows, no textures, no photorealism, no 3D, 16:9 aspect ratio, educational YouTube explainer doodle style. Do not render the timestamp text."
18,[2:06],2-06,2026-10-08 09:03:19,82ce3b40-c43a-4e8f-a1e3-f3da482daf16.jpg,"[2-06] Hand-drawn 2D doodle cartoon animation, flat colors, bold black outlines, slightly imperfect sketchy marker lines, a ludus owner stick figure holding a leash connected.jpg","Hand-drawn 2D doodle cartoon animation, flat colors, bold black outlines, slightly imperfect sketchy marker lines, a ludus owner stick figure holding a leash connected to a gladiator stick figure, tan background, no gradients, no shadows, no textures, no photorealism, no 3D, 16:9 aspect ratio, educational YouTube explainer doodle style. Do not render the timestamp text."
19,[2:14],2-14,2026-10-08 09:04:19,64e9fa3f-1466-4103-bf4c-42400795c033.jpg,"[2-14] Hand-drawn 2D doodle cartoon animation, flat colors, bold black outlines, slightly imperfect sketchy marker lines, a toga-wearing stick figure signing a document at a.jpg","Hand-drawn 2D doodle cartoon animation, flat colors, bold black outlines, slightly imperfect sketchy marker lines, a toga-wearing stick figure signing a document at a table with a worried expression, tan background, no gradients, no shadows, no textures, no photorealism, no 3D, 16:9 aspect ratio, educational YouTube explainer doodle style. Do not render the timestamp text."
20,[2:20],2-20,2026-10-08 09:05:20,1bec2c74-14b0-41b7-8d55-8867ec2100ec.jpg,"[2-20] Hand-drawn 2D doodle cartoon animation, flat colors, bold black outlines, slightly imperfect sketchy marker lines, the same stick figure shown half in a toga and half.jpg","Hand-drawn 2D doodle cartoon animation, flat colors, bold black outlines, slightly imperfect sketchy marker lines, the same stick figure shown half in a toga and half in gladiator armor, a visual swap down the middle of the body, tan background, no gradients, no shadows, no textures, no photorealism, no 3D, 16:9 aspect ratio, educational YouTube explainer doodle style. Do not render the timestamp text."
21,[2:25],2-25,2026-10-08 09:06:19,0e8f1be1-70df-4f47-b291-866137adba5a.jpg,"[2-25] Hand-drawn 2D doodle cartoon animation, flat colors, bold black outlines, slightly imperfect sketchy marker lines, a small gold coin and a laurel wreath icon held just.jpg","Hand-drawn 2D doodle cartoon animation, flat colors, bold black outlines, slightly imperfect sketchy marker lines, a small gold coin and a laurel wreath icon held just out of reach of an outstretched stick-figure hand, white background, no gradients, no shadows, no textures, no photorealism, no 3D, 16:9 aspect ratio, educational YouTube explainer doodle style. Do not render the timestamp text."
22,[2:30],2-30,2026-10-08 09:07:19,3be8828a-07fb-4f8c-a56a-8a4eaf01d006.jpg,"[2-30] Hand-drawn 2D doodle cartoon animation, flat colors, bold black outlines, slightly imperfect sketchy marker lines, a stick figure wearing a toga writing on a scroll.jpg","Hand-drawn 2D doodle cartoon animation, flat colors, bold black outlines, slightly imperfect sketchy marker lines, a stick figure wearing a toga writing on a scroll labeled RESTRICT in bold ALL CAPS marker text, tan background, no gradients, no shadows, no textures, no photorealism, no 3D, 16:9 aspect ratio, educational YouTube explainer doodle style. Do not render the timestamp text."
23,[2:43],2-43,2026-10-08 09:08:17,cbe03941-aace-4446-9ee7-6c4b0aa3f334.jpg,"[2-43] Hand-drawn 2D doodle cartoon animation, flat colors, bold black outlines, slightly imperfect sketchy marker lines, a stick figure standing at a fork, one path weighed.jpg","Hand-drawn 2D doodle cartoon animation, flat colors, bold black outlines, slightly imperfect sketchy marker lines, a stick figure standing at a fork, one path weighed down by a heavy chain-and-coin icon labeled DEBT, the other leading to an open gate, tan background, no gradients, no shadows, no textures, no photorealism, no 3D, 16:9 aspect ratio, educational YouTube explainer doodle style. Do not render the timestamp text."
24,[2:51],2-51,2026-10-08 09:09:20,1a39bca8-c145-4b62-a419-d1a3227a978c.jpg,"[2-51] Hand-drawn 2D doodle cartoon animation, flat colors, bold black outlines, slightly imperfect sketchy marker lines, large bold ALL CAPS red marker text centered reading.jpg","Hand-drawn 2D doodle cartoon animation, flat colors, bold black outlines, slightly imperfect sketchy marker lines, large bold ALL CAPS red marker text centered reading STAGE THREE, tan background, no gradients, no shadows, no textures, no photorealism, no 3D, 16:9 aspect ratio, educational YouTube explainer doodle style. Do not render the timestamp text."
25,[2:55],2-55,2026-10-08 09:10:19,05ae6d03-fe33-4f0e-b920-08f226d9fc2b.jpg,"[2-55] Hand-drawn 2D doodle cartoon animation, flat colors, bold black outlines, slightly imperfect sketchy marker lines, a simple training-academy building icon with an open.jpg","Hand-drawn 2D doodle cartoon animation, flat colors, bold black outlines, slightly imperfect sketchy marker lines, a simple training-academy building icon with an open courtyard, clearly distinct from a barred prison icon crossed out beside it, tan background, no gradients, no shadows, no textures, no photorealism, no 3D, 16:9 aspect ratio, educational YouTube explainer doodle style. Do not render the timestamp text."
26,[3:06],3-06,2026-10-08 09:11:19,1caf8c34-8721-49a4-8893-429298e8cc5c.jpg,"[3-06] Hand-drawn 2D doodle cartoon animation, flat colors, bold black outlines, slightly imperfect sketchy marker lines, several stick figures in a training yard swinging.jpg","Hand-drawn 2D doodle cartoon animation, flat colors, bold black outlines, slightly imperfect sketchy marker lines, several stick figures in a training yard swinging oversized wooden practice weapons, tan background, no gradients, no shadows, no textures, no photorealism, no 3D, 16:9 aspect ratio, educational YouTube explainer doodle style. Do not render the timestamp text."
27,[3:17],3-17,2026-10-08 09:12:19,ba609afd-7516-4473-90a2-3063318ab3e5.jpg,"[3-17] Hand-drawn 2D doodle cartoon animation, flat colors, bold black outlines, slightly imperfect sketchy marker lines, a simple wooden bowl filled with barley and bean.jpg","Hand-drawn 2D doodle cartoon animation, flat colors, bold black outlines, slightly imperfect sketchy marker lines, a simple wooden bowl filled with barley and bean shapes, tan background, no gradients, no shadows, no textures, no photorealism, no 3D, 16:9 aspect ratio, educational YouTube explainer doodle style. Do not render the timestamp text."
28,[3:36],3-36,2026-10-08 09:19:19,0f312659-4b33-4832-818d-e1a0c6bd5e57.jpg,"[3-36] Hand-drawn 2D doodle cartoon animation, flat colors, bold black outlines, slightly imperfect sketchy marker lines, bold ALL CAPS golden yellow marker text centered.jpg","Hand-drawn 2D doodle cartoon animation, flat colors, bold black outlines, slightly imperfect sketchy marker lines, bold ALL CAPS golden yellow marker text centered reading BARLEY EATERS, a simple grain-stalk icon beside it, white background, no gradients, no shadows, no textures, no photorealism, no 3D, 16:9 aspect ratio, educational YouTube explainer doodle style. Do not render the timestamp text."
29,[3:42],3-42,2026-10-08 09:20:19,f167043d-118c-464e-b319-8e157e031fb3.jpg,"[3-42] Hand-drawn 2D doodle cartoon animation, flat colors, bold black outlines, slightly imperfect sketchy marker lines, a plate piled with barley and beans beside a.jpg","Hand-drawn 2D doodle cartoon animation, flat colors, bold black outlines, slightly imperfect sketchy marker lines, a plate piled with barley and beans beside a crossed-out meat icon, tan background, no gradients, no shadows, no textures, no photorealism, no 3D, 16:9 aspect ratio, educational YouTube explainer doodle style. Do not render the timestamp text."
30,[3:48],3-48,2026-10-08 09:21:19,afe18d0e-d30f-4aff-a6e8-5466e71afbab.jpg,"[3-48] Hand-drawn 2D doodle cartoon animation, flat colors, bold black outlines, slightly imperfect sketchy marker lines, a stick figure with a slightly rounder, padded.jpg","Hand-drawn 2D doodle cartoon animation, flat colors, bold black outlines, slightly imperfect sketchy marker lines, a stick figure with a slightly rounder, padded silhouette, a yellow arrow pointing to the padding labeled PROTECTIVE LAYER, tan background, no gradients, no shadows, no textures, no photorealism, no 3D, 16:9 aspect ratio, educational YouTube explainer doodle style. Do not render the timestamp text."
31,[4:02],4-02,2026-10-08 09:22:20,95f31773-8edb-4ac2-9967-0e4540c0d811.jpg,"[4-02] Hand-drawn 2D doodle cartoon animation, flat colors, bold black outlines, slightly imperfect sketchy marker lines, a stick figure drinking from a simple cup with small.jpg","Hand-drawn 2D doodle cartoon animation, flat colors, bold black outlines, slightly imperfect sketchy marker lines, a stick figure drinking from a simple cup with small glowing mineral sparkle marks rising from it, tan background, no gradients, no shadows, no textures, no photorealism, no 3D, 16:9 aspect ratio, educational YouTube explainer doodle style. Do not render the timestamp text."
32,[4:14],4-14,2026-10-08 09:23:19,7c1e19de-dd9d-4509-9157-c44fc3c26c19.jpg,"[4-14] Hand-drawn 2D doodle cartoon animation, flat colors, bold black outlines, slightly imperfect sketchy marker lines, large bold ALL CAPS red marker text centered reading.jpg","Hand-drawn 2D doodle cartoon animation, flat colors, bold black outlines, slightly imperfect sketchy marker lines, large bold ALL CAPS red marker text centered reading STAGE FOUR, tan background, no gradients, no shadows, no textures, no photorealism, no 3D, 16:9 aspect ratio, educational YouTube explainer doodle style. Do not render the timestamp text."
33,[4:16],4-16,2026-10-08 09:24:25,eead2181-341e-4703-9307-f2dad984c225.jpg,"[4-16] Hand-drawn 2D doodle cartoon animation, flat colors, bold black outlines, slightly imperfect sketchy marker lines, four differently equipped gladiator stick figures.jpg","Hand-drawn 2D doodle cartoon animation, flat colors, bold black outlines, slightly imperfect sketchy marker lines, four differently equipped gladiator stick figures standing in a row, each with distinct weapons and armor, tan background, no gradients, no shadows, no textures, no photorealism, no 3D, 16:9 aspect ratio, educational YouTube explainer doodle style. Do not render the timestamp text."
34,[4:19],4-19,2026-10-08 09:25:20,76d110d8-a0e5-4513-a3ad-cb30a6f9dcd0.jpg,"[4-19] Hand-drawn 2D doodle cartoon animation, flat colors, bold black outlines, slightly imperfect sketchy marker lines, four small icons arranged in a row a net, a trident.jpg","Hand-drawn 2D doodle cartoon animation, flat colors, bold black outlines, slightly imperfect sketchy marker lines, four small icons arranged in a row: a net, a trident, a round shield, and a short sword, each labeled beneath in bold text, tan background, no gradients, no shadows, no textures, no photorealism, no 3D, 16:9 aspect ratio, educational YouTube explainer doodle style. Do not render the timestamp text."
35,[4:24],4-24,2026-10-08 09:26:23,9a63ec5a-5776-4696-baec-265bbd035ee3.jpg,"[4-24] Hand-drawn 2D doodle cartoon animation, flat colors, bold black outlines, slightly imperfect sketchy marker lines, a lightly armored stick figure holding a weighted net.jpg","Hand-drawn 2D doodle cartoon animation, flat colors, bold black outlines, slightly imperfect sketchy marker lines, a lightly armored stick figure holding a weighted net and a trident, labeled RETIARIUS in bold ALL CAPS marker text, tan background, no gradients, no shadows, no textures, no photorealism, no 3D, 16:9 aspect ratio, educational YouTube explainer doodle style. Do not render the timestamp text."
36,[4:32],4-32,2026-10-08 09:28:24,f063eaac-1c6d-462d-bd68-563392980819.jpg,"[4-32] Hand-drawn 2D doodle cartoon animation, flat colors, bold black outlines, slightly imperfect sketchy marker lines, a stick figure wearing a smooth rounded helmet with.jpg","Hand-drawn 2D doodle cartoon animation, flat colors, bold black outlines, slightly imperfect sketchy marker lines, a stick figure wearing a smooth rounded helmet with tiny eye-slits, labeled SECUTOR in bold ALL CAPS marker text, tan background, no gradients, no shadows, no textures, no photorealism, no 3D, 16:9 aspect ratio, educational YouTube explainer doodle style. Do not render the timestamp text."
37,[4:44],4-44,2026-10-08 09:30:47,9de1cc5f-93c1-49a6-a266-0a19220e6c5d.jpg,"[4-44] Hand-drawn 2D doodle cartoon animation, flat colors, bold black outlines, slightly imperfect sketchy marker lines, a heavily armored stick figure with a large shield.jpg","Hand-drawn 2D doodle cartoon animation, flat colors, bold black outlines, slightly imperfect sketchy marker lines, a heavily armored stick figure with a large shield labeled MURMILLO standing opposite a lighter armored stick figure with a curved blade labeled THRAEX, tan background, no gradients, no shadows, no textures, no photorealism, no 3D, 16:9 aspect ratio, educational YouTube explainer doodle style. Do not render the timestamp text."
38,[4:55],4-55,2026-10-08 09:33:03,f973edcc-470d-4ece-bf7c-564d3c5c7e31.jpg,"[4-55] Hand-drawn 2D doodle cartoon animation, flat colors, bold black outlines, slightly imperfect sketchy marker lines, bold ALL CAPS black marker text reading RANDOM with a.jpg","Hand-drawn 2D doodle cartoon animation, flat colors, bold black outlines, slightly imperfect sketchy marker lines, bold ALL CAPS black marker text reading RANDOM with a thick red diagonal X drawn across it, white background, no gradients, no shadows, no textures, no photorealism, no 3D, 16:9 aspect ratio, educational YouTube explainer doodle style. Do not render the timestamp text."
39,[4:57],4-57,2026-10-08 09:34:50,92565f3b-06f7-43d7-982b-38797ed14f85.jpg,"[4-57] Hand-drawn 2D doodle cartoon animation, flat colors, bold black outlines, slightly imperfect sketchy marker lines, a simple wooden schedule board showing two different.jpg","Hand-drawn 2D doodle cartoon animation, flat colors, bold black outlines, slightly imperfect sketchy marker lines, a simple wooden schedule board showing two different gladiator-type icons deliberately paired together with a connecting line, tan background, no gradients, no shadows, no textures, no photorealism, no 3D, 16:9 aspect ratio, educational YouTube explainer doodle style. Do not render the timestamp text."
40,[5:11],5-11,2026-10-08 09:36:01,995d24b8-37f4-481e-85d5-0bdf5484d4c4.jpg,"[5-11] Hand-drawn 2D doodle cartoon animation, flat colors, bold black outlines, slightly imperfect sketchy marker lines, a trainer stick figure studying a small chart showing.jpg","Hand-drawn 2D doodle cartoon animation, flat colors, bold black outlines, slightly imperfect sketchy marker lines, a trainer stick figure studying a small chart showing two opposing weapon icons, thoughtful expression, tan background, no gradients, no shadows, no textures, no photorealism, no 3D, 16:9 aspect ratio, educational YouTube explainer doodle style. Do not render the timestamp text."
41,[5:18],5-18,2026-10-08 09:37:28,f2c17179-9159-4311-a8c7-4d09813e08bd.jpg,"[5-18] Hand-drawn 2D doodle cartoon animation, flat colors, bold black outlines, slightly imperfect sketchy marker lines, large bold ALL CAPS red marker text centered reading.jpg","Hand-drawn 2D doodle cartoon animation, flat colors, bold black outlines, slightly imperfect sketchy marker lines, large bold ALL CAPS red marker text centered reading STAGE FIVE, solid orange background, no gradients, no shadows, no textures, no photorealism, no 3D, 16:9 aspect ratio, educational YouTube explainer doodle style. Do not render the timestamp text."
42,[5:23],5-23,2026-10-08 09:38:41,3724b670-491e-477a-95c0-0952c6d55759.jpg,"[5-23] Hand-drawn 2D doodle cartoon animation, flat colors, bold black outlines, slightly imperfect sketchy marker lines, a simple skull icon with bold text beside it reading.jpg","Hand-drawn 2D doodle cartoon animation, flat colors, bold black outlines, slightly imperfect sketchy marker lines, a simple skull icon with bold text beside it reading EVERY MATCH?, a thick red diagonal X beginning to form over it, solid orange background, no gradients, no shadows, no textures, no photorealism, no 3D, 16:9 aspect ratio, educational YouTube explainer doodle style. Do not render the timestamp text."
43,[5:27],5-27,2026-10-08 09:41:40,18a01a16-cd97-4395-9f0d-ab18b12d4b09.jpg,"[5-27] Hand-drawn 2D doodle cartoon animation, flat colors, bold black outlines, slightly imperfect sketchy marker lines, the same skull icon now fully crossed out with a bold.jpg","Hand-drawn 2D doodle cartoon animation, flat colors, bold black outlines, slightly imperfect sketchy marker lines, the same skull icon now fully crossed out with a bold red diagonal X, solid orange background, no gradients, no shadows, no textures, no photorealism, no 3D, 16:9 aspect ratio, educational YouTube explainer doodle style. Do not render the timestamp text."
44,[5:30],5-30,2026-10-08 09:42:38,c989c1a6-8f85-4915-aaa2-16ce6c698e84.jpg,"[5-30] Hand-drawn 2D doodle cartoon animation, flat colors, bold black outlines, slightly imperfect sketchy marker lines, a money bag and a small ticket stub icon beside a.jpg","Hand-drawn 2D doodle cartoon animation, flat colors, bold black outlines, slightly imperfect sketchy marker lines, a money bag and a small ticket stub icon beside a gladiator stick figure, tan background, no gradients, no shadows, no textures, no photorealism, no 3D, 16:9 aspect ratio, educational YouTube explainer doodle style. Do not render the timestamp text."
45,[5:36],5-36,2026-10-08 09:43:49,b79efdef-340c-46d5-81a6-039e3293ca57.jpg,"[5-36] Hand-drawn 2D doodle cartoon animation, flat colors, bold black outlines, slightly imperfect sketchy marker lines, a simple balance scale with the ALIVE side weighed.jpg","Hand-drawn 2D doodle cartoon animation, flat colors, bold black outlines, slightly imperfect sketchy marker lines, a simple balance scale with the ALIVE side weighed down heavier than the other side, tan background, no gradients, no shadows, no textures, no photorealism, no 3D, 16:9 aspect ratio, educational YouTube explainer doodle style. Do not render the timestamp text."
46,[5:44],5-44,2026-10-08 09:45:27,5bd96e5a-a9bd-44c1-a34d-5fd26a2a0512.jpg,"[5-44] Hand-drawn 2D doodle cartoon animation, flat colors, bold black outlines, slightly imperfect sketchy marker lines, three small icons in a row a raised open hand, two.jpg","Hand-drawn 2D doodle cartoon animation, flat colors, bold black outlines, slightly imperfect sketchy marker lines, three small icons in a row: a raised open hand, two clasped hands in a draw, and a seated sponsor figure pointing, tan background, no gradients, no shadows, no textures, no photorealism, no 3D, 16:9 aspect ratio, educational YouTube explainer doodle style. Do not render the timestamp text."
47,[5:49],5-49,2026-10-08 09:46:29,498c30ac-d8d2-4134-ab4e-eb7f2b803e8c.jpg,"[5-49] Hand-drawn 2D doodle cartoon animation, flat colors, bold black outlines, slightly imperfect sketchy marker lines, a gladiator stick figure kneeling with one arm raised.jpg","Hand-drawn 2D doodle cartoon animation, flat colors, bold black outlines, slightly imperfect sketchy marker lines, a gladiator stick figure kneeling with one arm raised in an appeal gesture toward a seated sponsor figure in the stands, tan background, no gradients, no shadows, no textures, no photorealism, no 3D, 16:9 aspect ratio, educational YouTube explainer doodle style. Do not render the timestamp text."
48,[6:03],6-03,2026-10-08 09:47:33,2f7768d7-ff8f-41fa-868b-f6412257a1db.jpg,"[6-03] Hand-drawn 2D doodle cartoon animation, flat colors, bold black outlines, slightly imperfect sketchy marker lines, a small skull icon labeled REAL RISK in bold ALL CAPS.jpg","Hand-drawn 2D doodle cartoon animation, flat colors, bold black outlines, slightly imperfect sketchy marker lines, a small skull icon labeled REAL RISK in bold ALL CAPS marker text beside it, tan background, no gradients, no shadows, no textures, no photorealism, no 3D, 16:9 aspect ratio, educational YouTube explainer doodle style. Do not render the timestamp text."
49,[6:10],6-10,2026-10-08 09:54:43,d7eca670-326f-433a-b719-a65ecaff9a6f.jpg,"[6-10] Hand-drawn 2D doodle cartoon animation, flat colors, bold black outlines, slightly imperfect sketchy marker lines, a skeptical stick figure with a raised eyebrow, a.jpg","Hand-drawn 2D doodle cartoon animation, flat colors, bold black outlines, slightly imperfect sketchy marker lines, a skeptical stick figure with a raised eyebrow, a thought bubble reading STABLE SYSTEM? in bold ALL CAPS marker text, white background, no gradients, no shadows, no textures, no photorealism, no 3D, 16:9 aspect ratio, educational YouTube explainer doodle style. Do not render the timestamp text."
50,[6:19],6-19,2026-10-08 09:55:35,d4bf17cd-d6ef-4dcc-ae61-308108f891b2.jpg,"[6-19] Hand-drawn 2D doodle cartoon animation, flat colors, bold black outlines, slightly imperfect sketchy marker lines, bold ALL CAPS red marker text reading IMPOSSIBLE TO.jpg","Hand-drawn 2D doodle cartoon animation, flat colors, bold black outlines, slightly imperfect sketchy marker lines, bold ALL CAPS red marker text reading IMPOSSIBLE TO BREAK with a thick black diagonal X drawn across it, white background, no gradients, no shadows, no textures, no photorealism, no 3D, 16:9 aspect ratio, educational YouTube explainer doodle style. Do not render the timestamp text."
51,[6:20],6-20,2026-10-08 09:56:45,8399a8f7-5cdd-42f5-8a7f-e9a542a960a9.jpg,"[6-20] Hand-drawn 2D doodle cartoon animation, flat colors, bold black outlines, slightly imperfect sketchy marker lines, a calendar reading 73 BCE beside a small kitchen.jpg","Hand-drawn 2D doodle cartoon animation, flat colors, bold black outlines, slightly imperfect sketchy marker lines, a calendar reading 73 BCE beside a small kitchen knife icon and a gate labeled CAPUA, tan background, no gradients, no shadows, no textures, no photorealism, no 3D, 16:9 aspect ratio, educational YouTube explainer doodle style. Do not render the timestamp text."
52,[6:36],6-36,2026-10-08 09:58:42,48ffba77-ec1d-4d39-9010-b99578bc8b90.jpg,"[6-36] Hand-drawn 2D doodle cartoon animation, flat colors, bold black outlines, slightly imperfect sketchy marker lines, several stick figures grabbing simple kitchen tools.jpg","Hand-drawn 2D doodle cartoon animation, flat colors, bold black outlines, slightly imperfect sketchy marker lines, several stick figures grabbing simple kitchen tools and skewers off a table, breaking through a gate, tan background, no gradients, no shadows, no textures, no photorealism, no 3D, 16:9 aspect ratio, educational YouTube explainer doodle style. Do not render the timestamp text."
53,[6:46],6-46,2026-10-08 09:59:35,e12ed695-0521-4860-871d-277c78c489f1.jpg,"[6-46] Hand-drawn 2D doodle cartoon animation, flat colors, bold black outlines, slightly imperfect sketchy marker lines, a small cluster of stick figures growing into a much.jpg","Hand-drawn 2D doodle cartoon animation, flat colors, bold black outlines, slightly imperfect sketchy marker lines, a small cluster of stick figures growing into a much larger crowd silhouette moving across a hillside, tan background, no gradients, no shadows, no textures, no photorealism, no 3D, 16:9 aspect ratio, educational YouTube explainer doodle style. Do not render the timestamp text."
54,[6:51],6-51,2026-10-08 10:01:45,0b029dea-2977-49db-a99b-70a06733c9c5.jpg,"[6-51] Hand-drawn 2D doodle cartoon animation, flat colors, bold black outlines, slightly imperfect sketchy marker lines, a row of small soldier stick figures with spears.jpg","Hand-drawn 2D doodle cartoon animation, flat colors, bold black outlines, slightly imperfect sketchy marker lines, a row of small soldier stick figures with spears stepping backward away from a much larger approaching crowd silhouette, tan background, no gradients, no shadows, no textures, no photorealism, no 3D, 16:9 aspect ratio, educational YouTube explainer doodle style. Do not render the timestamp text."
55,[7:07],7-07,2026-10-08 10:03:33,b6c006b2-21bf-4c46-a5dd-9192ef23ca2a.jpg,"[7-07] Hand-drawn 2D doodle cartoon animation, flat colors, bold black outlines, slightly imperfect sketchy marker lines, bold ALL CAPS black marker text centered reading 71.jpg","Hand-drawn 2D doodle cartoon animation, flat colors, bold black outlines, slightly imperfect sketchy marker lines, bold ALL CAPS black marker text centered reading 71 BCE, white background, no gradients, no shadows, no textures, no photorealism, no 3D, 16:9 aspect ratio, educational YouTube explainer doodle style. Do not render the timestamp text."
56,[7:12],7-12,2026-10-08 10:05:37,aa6bc5a1-9653-4691-a76b-385d126fba27.jpg,"[7-12] Hand-drawn 2D doodle cartoon animation, flat colors, bold black outlines, slightly imperfect sketchy marker lines, a long road icon stretching into the distance lined.jpg","Hand-drawn 2D doodle cartoon animation, flat colors, bold black outlines, slightly imperfect sketchy marker lines, a long road icon stretching into the distance lined with small solemn upright marker posts, solid dark grey background, no gradients, no shadows, no textures, no photorealism, no 3D, 16:9 aspect ratio, educational YouTube explainer doodle style. Do not render the timestamp text."
57,[7:19],7-19,2026-10-08 10:06:45,9971c265-57ab-41a6-9191-7f2592850ee9.jpg,"[7-19] Hand-drawn 2D doodle cartoon animation, flat colors, bold black outlines, slightly imperfect sketchy marker lines, a simple flat senate building icon with columns, a.jpg","Hand-drawn 2D doodle cartoon animation, flat colors, bold black outlines, slightly imperfect sketchy marker lines, a simple flat senate building icon with columns, a small worried expression drawn on its steps, dark grey background, no gradients, no shadows, no textures, no photorealism, no 3D, 16:9 aspect ratio, educational YouTube explainer doodle style. Do not render the timestamp text."
58,[7:25],7-25,2026-10-08 10:07:35,f4af5858-0a3c-4daa-94c2-a72659798904.jpg,"[7-25] Hand-drawn 2D doodle cartoon animation, flat colors, bold black outlines, slightly imperfect sketchy marker lines, a simple chain icon breaking apart into pieces, bold.jpg","Hand-drawn 2D doodle cartoon animation, flat colors, bold black outlines, slightly imperfect sketchy marker lines, a simple chain icon breaking apart into pieces, bold ALL CAPS text beside it reading PROPERTY, dark grey background, no gradients, no shadows, no textures, no photorealism, no 3D, 16:9 aspect ratio, educational YouTube explainer doodle style. Do not render the timestamp text."
59,[7:31],7-31,2026-10-08 10:08:40,a419799d-460c-41b7-ae96-fbc3214fa2fd.jpg,"[7-31] Hand-drawn 2D doodle cartoon animation, flat colors, bold black outlines, slightly imperfect sketchy marker lines, large bold ALL CAPS red marker text centered reading.jpg","Hand-drawn 2D doodle cartoon animation, flat colors, bold black outlines, slightly imperfect sketchy marker lines, large bold ALL CAPS red marker text centered reading STAGE SIX, white background, no gradients, no shadows, no textures, no photorealism, no 3D, 16:9 aspect ratio, educational YouTube explainer doodle style. Do not render the timestamp text."
60,[7:38],7-38,2026-10-08 10:09:39,c87ae9b5-ed41-4650-bc31-a7b89f188299.jpg,"[7-38] Hand-drawn 2D doodle cartoon animation, flat colors, bold black outlines, slightly imperfect sketchy marker lines, a secutor stick figure portrait beside a carved stone.jpg","Hand-drawn 2D doodle cartoon animation, flat colors, bold black outlines, slightly imperfect sketchy marker lines, a secutor stick figure portrait beside a carved stone tombstone icon, tan background, no gradients, no shadows, no textures, no photorealism, no 3D, 16:9 aspect ratio, educational YouTube explainer doodle style. Do not render the timestamp text."
61,[7:49],7-49,2026-10-08 10:10:36,ee98ccfd-fd21-4e9c-a593-6e4c54dc6227.jpg,"[7-49] Hand-drawn 2D doodle cartoon animation, flat colors, bold black outlines, slightly imperfect sketchy marker lines, close-up on the tombstone carved with the bold.jpg","Hand-drawn 2D doodle cartoon animation, flat colors, bold black outlines, slightly imperfect sketchy marker lines, close-up on the tombstone carved with the bold numbers 34, 21, and 9 in a row, tan background, no gradients, no shadows, no textures, no photorealism, no 3D, 16:9 aspect ratio, educational YouTube explainer doodle style. Do not render the timestamp text."
62,[7:54],7-54,2026-10-08 10:11:56,fe29e617-0c3a-4aaf-9b31-3eb22c7397d9.jpg,"[7-54] Hand-drawn 2D doodle cartoon animation, flat colors, bold black outlines, slightly imperfect sketchy marker lines, bold ALL CAPS golden yellow marker text centered.jpg","Hand-drawn 2D doodle cartoon animation, flat colors, bold black outlines, slightly imperfect sketchy marker lines, bold ALL CAPS golden yellow marker text centered reading MISSIO, a small open hand mercy gesture icon beside it, tan background, no gradients, no shadows, no textures, no photorealism, no 3D, 16:9 aspect ratio, educational YouTube explainer doodle style. Do not render the timestamp text."
63,[8:03],8-03,2026-10-08 10:13:31,267ee6a1-1465-4291-a58b-74ab3265dcf9.jpg,"[8-03] Hand-drawn 2D doodle cartoon animation, flat colors, bold black outlines, slightly imperfect sketchy marker lines, bold ALL CAPS red marker text reading REFUSED FREEDOM.jpg","Hand-drawn 2D doodle cartoon animation, flat colors, bold black outlines, slightly imperfect sketchy marker lines, bold ALL CAPS red marker text reading REFUSED FREEDOM with a thick black diagonal X drawn across it, white background, no gradients, no shadows, no textures, no photorealism, no 3D, 16:9 aspect ratio, educational YouTube explainer doodle style. Do not render the timestamp text."
64,[8:12],8-12,2026-10-08 10:15:37,da8a34fa-3a03-4334-8d0a-e1d1fc01e822.jpg,"[8-12] Hand-drawn 2D doodle cartoon animation, flat colors, bold black outlines, slightly imperfect sketchy marker lines, a magnifying glass held up to the tombstone.jpg","Hand-drawn 2D doodle cartoon animation, flat colors, bold black outlines, slightly imperfect sketchy marker lines, a magnifying glass held up to the tombstone inscription, close inspection, tan background, no gradients, no shadows, no textures, no photorealism, no 3D, 16:9 aspect ratio, educational YouTube explainer doodle style. Do not render the timestamp text."
65,[8:14],8-14,2026-10-08 10:16:40,90052c92-9b9b-499c-9678-1f657ed03fa9.jpg,"[8-14] Hand-drawn 2D doodle cartoon animation, flat colors, bold black outlines, slightly imperfect sketchy marker lines, the word MISSIO in bold golden yellow text on one.jpg","Hand-drawn 2D doodle cartoon animation, flat colors, bold black outlines, slightly imperfect sketchy marker lines, the word MISSIO in bold golden yellow text on one side and the word FREEDOM crossed out in red on the other side, white background, no gradients, no shadows, no textures, no photorealism, no 3D, 16:9 aspect ratio, educational YouTube explainer doodle style. Do not render the timestamp text."
66,[8:17],8-17,2026-10-08 10:18:51,deac38a0-2cfa-4cc8-84a6-165025bee63f.jpg,"[8-17] Hand-drawn 2D doodle cartoon animation, flat colors, bold black outlines, slightly imperfect sketchy marker lines, bold ALL CAPS marker text centered reading NO.jpg","Hand-drawn 2D doodle cartoon animation, flat colors, bold black outlines, slightly imperfect sketchy marker lines, bold ALL CAPS marker text centered reading NO EXAGGERATION NEEDED, white background, no gradients, no shadows, no textures, no photorealism, no 3D, 16:9 aspect ratio, educational YouTube explainer doodle style. Do not render the timestamp text."
67,[8:21],8-21,2026-10-08 10:19:32,4bd82894-bfc4-4c76-baf3-8b5ffe13abe7.jpg,"[8-21] Hand-drawn 2D doodle cartoon animation, flat colors, bold black outlines, slightly imperfect sketchy marker lines, a calendar reading AGE 30 beside the tombstone icon.jpg","Hand-drawn 2D doodle cartoon animation, flat colors, bold black outlines, slightly imperfect sketchy marker lines, a calendar reading AGE 30 beside the tombstone icon, tan background, no gradients, no shadows, no textures, no photorealism, no 3D, 16:9 aspect ratio, educational YouTube explainer doodle style. Do not render the timestamp text."
68,[8:33],8-33,2026-10-08 10:20:31,da390a27-0806-4018-8b31-ec3cd3e8c9ed.jpg,"[8-33] Hand-drawn 2D doodle cartoon animation, flat colors, bold black outlines, slightly imperfect sketchy marker lines, one glowing golden stick figure standing out among a.jpg","Hand-drawn 2D doodle cartoon animation, flat colors, bold black outlines, slightly imperfect sketchy marker lines, one glowing golden stick figure standing out among a row of plain grey stick figures, white background, no gradients, no shadows, no textures, no photorealism, no 3D, 16:9 aspect ratio, educational YouTube explainer doodle style. Do not render the timestamp text."
69,[8:36],8-36,2026-10-08 10:21:49,4907d78d-a3fe-41be-b343-cecae4badbed.jpg,"[8-36] Hand-drawn 2D doodle cartoon animation, flat colors, bold black outlines, slightly imperfect sketchy marker lines, a wide shot of a small cemetery with many simple.jpg","Hand-drawn 2D doodle cartoon animation, flat colors, bold black outlines, slightly imperfect sketchy marker lines, a wide shot of a small cemetery with many simple grave markers arranged in rows, tan background, no gradients, no shadows, no textures, no photorealism, no 3D, 16:9 aspect ratio, educational YouTube explainer doodle style. Do not render the timestamp text."
70,[8:42],8-42,2026-10-08 10:23:36,163aaecc-bda8-49ed-97aa-e8fdb37dc46d.jpg,"[8-42] Hand-drawn 2D doodle cartoon animation, flat colors, bold black outlines, slightly imperfect sketchy marker lines, bold text reading 67 REMAINS beside one grave marker.jpg","Hand-drawn 2D doodle cartoon animation, flat colors, bold black outlines, slightly imperfect sketchy marker lines, bold text reading 67 REMAINS beside one grave marker highlighted in gold labeled OLD AGE among many plain ones, tan background, no gradients, no shadows, no textures, no photorealism, no 3D, 16:9 aspect ratio, educational YouTube explainer doodle style. Do not render the timestamp text."
71,[8:51],8-51,2026-10-08 10:24:38,d7852a8e-7658-4515-9b69-a997ec99c5eb.jpg,"[8-51] Hand-drawn 2D doodle cartoon animation, flat colors, bold black outlines, slightly imperfect sketchy marker lines, a simple bone icon with a small healed crack line.jpg","Hand-drawn 2D doodle cartoon animation, flat colors, bold black outlines, slightly imperfect sketchy marker lines, a simple bone icon with a small healed crack line drawn across it, white background, no gradients, no shadows, no textures, no photorealism, no 3D, 16:9 aspect ratio, educational YouTube explainer doodle style. Do not render the timestamp text."
72,[8:56],8-56,2026-10-08 10:25:33,d24011ca-5470-4db4-9267-8436affa8318.jpg,"[8-56] Hand-drawn 2D doodle cartoon animation, flat colors, bold black outlines, slightly imperfect sketchy marker lines, the same bone icon now with several layered crack.jpg","Hand-drawn 2D doodle cartoon animation, flat colors, bold black outlines, slightly imperfect sketchy marker lines, the same bone icon now with several layered crack lines drawn over each other, white background, no gradients, no shadows, no textures, no photorealism, no 3D, 16:9 aspect ratio, educational YouTube explainer doodle style. Do not render the timestamp text."
73,[9:00],9-00,2026-10-08 10:26:44,7d9dce75-9b52-41bc-baf1-183d07f05e64.jpg,"[9-00] Hand-drawn 2D doodle cartoon animation, flat colors, bold black outlines, slightly imperfect sketchy marker lines, a simple skull icon with a small dent mark drawn on.jpg","Hand-drawn 2D doodle cartoon animation, flat colors, bold black outlines, slightly imperfect sketchy marker lines, a simple skull icon with a small dent mark drawn on one side, white background, no gradients, no shadows, no textures, no photorealism, no 3D, 16:9 aspect ratio, educational YouTube explainer doodle style. Do not render the timestamp text."
74,[9:05],9-05,2026-10-08 10:27:35,2986d5d2-1504-4a0f-a06a-fa2aa5a7b812.jpg,"[9-05] Hand-drawn 2D doodle cartoon animation, flat colors, bold black outlines, slightly imperfect sketchy marker lines, a simple brain icon with a small warning triangle.jpg","Hand-drawn 2D doodle cartoon animation, flat colors, bold black outlines, slightly imperfect sketchy marker lines, a simple brain icon with a small warning triangle symbol beside it, white background, no gradients, no shadows, no textures, no photorealism, no 3D, 16:9 aspect ratio, educational YouTube explainer doodle style. Do not render the timestamp text."
75,[9:14],9-14,2026-10-08 10:28:40,844e81fd-c30a-4b19-aef0-588d9ace1010.jpg,"[9-14] Hand-drawn 2D doodle cartoon animation, flat colors, bold black outlines, slightly imperfect sketchy marker lines, a row of small grave markers each with a tiny carved.jpg","Hand-drawn 2D doodle cartoon animation, flat colors, bold black outlines, slightly imperfect sketchy marker lines, a row of small grave markers each with a tiny carved name visible on them, tan background, no gradients, no shadows, no textures, no photorealism, no 3D, 16:9 aspect ratio, educational YouTube explainer doodle style. Do not render the timestamp text."
76,[9:18],9-18,2026-10-08 10:30:51,08786242-c2d2-4ee8-ba89-822aa831aefc.jpg,"[9-18] Hand-drawn 2D doodle cartoon animation, flat colors, bold black outlines, slightly imperfect sketchy marker lines, close-up on the Flamma tombstone icon again, full.jpg","Hand-drawn 2D doodle cartoon animation, flat colors, bold black outlines, slightly imperfect sketchy marker lines, close-up on the Flamma tombstone icon again, full carved inscription visible, tan background, no gradients, no shadows, no textures, no photorealism, no 3D, 16:9 aspect ratio, educational YouTube explainer doodle style. Do not render the timestamp text."
77,[9:22],9-22,2026-10-08 10:32:40,f56f9dd9-eada-4e72-91d4-636031bd4cc8.jpg,"[9-22] Hand-drawn 2D doodle cartoon animation, flat colors, bold black outlines, slightly imperfect sketchy marker lines, the name DELICATUS carved in bold letters beside the.jpg","Hand-drawn 2D doodle cartoon animation, flat colors, bold black outlines, slightly imperfect sketchy marker lines, the name DELICATUS carved in bold letters beside the Flamma name on the tombstone, tan background, no gradients, no shadows, no textures, no photorealism, no 3D, 16:9 aspect ratio, educational YouTube explainer doodle style. Do not render the timestamp text."
78,[9:29],9-29,2026-10-08 10:33:44,c5e780b6-f01c-4d8e-8fb9-6b216c116f98.jpg,"[9-29] Hand-drawn 2D doodle cartoon animation, flat colors, bold black outlines, slightly imperfect sketchy marker lines, two gladiator stick figures clasping hands in.jpg","Hand-drawn 2D doodle cartoon animation, flat colors, bold black outlines, slightly imperfect sketchy marker lines, two gladiator stick figures clasping hands in friendship, warm expression, tan background, no gradients, no shadows, no textures, no photorealism, no 3D, 16:9 aspect ratio, educational YouTube explainer doodle style. Do not render the timestamp text."
79,[9:36],9-36,2026-10-08 10:34:20,224898fc-659e-4ecb-953f-a70bed94ba9c.jpg,"[9-36] Hand-drawn 2D doodle cartoon animation, flat colors, bold black outlines, slightly imperfect sketchy marker lines, large bold ALL CAPS red marker text centered reading.jpg","Hand-drawn 2D doodle cartoon animation, flat colors, bold black outlines, slightly imperfect sketchy marker lines, large bold ALL CAPS red marker text centered reading STAGE SEVEN, white background, no gradients, no shadows, no textures, no photorealism, no 3D, 16:9 aspect ratio, educational YouTube explainer doodle style. Do not render the timestamp text."
80,[9:43],9-43,2026-10-08 10:35:01,b1802b43-4497-44e1-bbcc-5c29dfd0bfe7.jpg,"[9-43] Hand-drawn 2D doodle cartoon animation, flat colors, bold black outlines, slightly imperfect sketchy marker lines, a sponsor stick figure handing a glowing wooden sword.jpg","Hand-drawn 2D doodle cartoon animation, flat colors, bold black outlines, slightly imperfect sketchy marker lines, a sponsor stick figure handing a glowing wooden sword icon to a kneeling gladiator stick figure, golden yellow background, no gradients, no shadows, no textures, no photorealism, no 3D, 16:9 aspect ratio, educational YouTube explainer doodle style. Do not render the timestamp text."
81,[9:55],9-55,2026-10-08 10:35:57,be48fb5c-b157-478f-8729-85ca939369d3.jpg,"[9-55] Hand-drawn 2D doodle cartoon animation, flat colors, bold black outlines, slightly imperfect sketchy marker lines, a golden yellow checkmark stamped over the wooden.jpg","Hand-drawn 2D doodle cartoon animation, flat colors, bold black outlines, slightly imperfect sketchy marker lines, a golden yellow checkmark stamped over the wooden sword icon, golden yellow background, no gradients, no shadows, no textures, no photorealism, no 3D, 16:9 aspect ratio, educational YouTube explainer doodle style. Do not render the timestamp text."
82,[9:57],9-57,2026-10-08 10:36:50,f00b1b88-f514-4d7c-b6a5-d697280fb0f5.jpg,"[9-57] Hand-drawn 2D doodle cartoon animation, flat colors, bold black outlines, slightly imperfect sketchy marker lines, one small glowing wooden sword icon surrounded by.jpg","Hand-drawn 2D doodle cartoon animation, flat colors, bold black outlines, slightly imperfect sketchy marker lines, one small glowing wooden sword icon surrounded by many plain crossed steel sword icons, tan background, no gradients, no shadows, no textures, no photorealism, no 3D, 16:9 aspect ratio, educational YouTube explainer doodle style. Do not render the timestamp text."
83,[10:03],10-03,2026-10-08 10:37:21,834ef79a-2126-4015-934e-2dcd6f1708e8.jpg,"[10-03] Hand-drawn 2D doodle cartoon animation, flat colors, bold black outlines, slightly imperfect sketchy marker lines, the small cemetery icon from earlier beside a single.jpg","Hand-drawn 2D doodle cartoon animation, flat colors, bold black outlines, slightly imperfect sketchy marker lines, the small cemetery icon from earlier beside a single glowing wooden sword icon, tan background, no gradients, no shadows, no textures, no photorealism, no 3D, 16:9 aspect ratio, educational YouTube explainer doodle style. Do not render the timestamp text."
84,[10:12],10-12,2026-10-08 10:38:05,99a1f7f3-ca42-4687-ac8c-0df12c5e7fef.jpg,"[10-12] Hand-drawn 2D doodle cartoon animation, flat colors, bold black outlines, slightly imperfect sketchy marker lines, bold ALL CAPS marker text centered reading WHAT DOES.jpg","Hand-drawn 2D doodle cartoon animation, flat colors, bold black outlines, slightly imperfect sketchy marker lines, bold ALL CAPS marker text centered reading WHAT DOES IT TELL US?, white background, no gradients, no shadows, no textures, no photorealism, no 3D, 16:9 aspect ratio, educational YouTube explainer doodle style. Do not render the timestamp text."
85,[10:21],10-21,2026-10-08 10:46:25,1cb3cd33-eb9f-4175-962e-90c1dc7d43a0.jpg,"[10-21] Hand-drawn 2D doodle cartoon animation, flat colors, bold black outlines, slightly imperfect sketchy marker lines, the same crossed-out KINDER text shown larger and.jpg","Hand-drawn 2D doodle cartoon animation, flat colors, bold black outlines, slightly imperfect sketchy marker lines, the same crossed-out KINDER text shown larger and bolder, white background, no gradients, no shadows, no textures, no photorealism, no 3D, 16:9 aspect ratio, educational YouTube explainer doodle style. Do not render the timestamp text."
86,[10:22],10-22,2026-10-08 10:47:27,9f179ce4-93d7-460a-a36b-592613ed65b7.jpg,"[10-22] Hand-drawn 2D doodle cartoon animation, flat colors, bold black outlines, slightly imperfect sketchy marker lines, a simple shackle and chain icon wrapped around a.jpg","Hand-drawn 2D doodle cartoon animation, flat colors, bold black outlines, slightly imperfect sketchy marker lines, a simple shackle and chain icon wrapped around a stick figure's wrist, tan background, no gradients, no shadows, no textures, no photorealism, no 3D, 16:9 aspect ratio, educational YouTube explainer doodle style. Do not render the timestamp text."
87,[10:25],10-25,2026-10-08 10:48:50,436ae7e1-b174-42e0-bfc7-3aa5610a28f9.jpg,"[10-25] Hand-drawn 2D doodle cartoon animation, flat colors, bold black outlines, slightly imperfect sketchy marker lines, a crowd of small stick figures in simple arena.jpg","Hand-drawn 2D doodle cartoon animation, flat colors, bold black outlines, slightly imperfect sketchy marker lines, a crowd of small stick figures in simple arena stands cheering with raised fists, a gladiator figure performing below, tan background, no gradients, no shadows, no textures, no photorealism, no 3D, 16:9 aspect ratio, educational YouTube explainer doodle style. Do not render the timestamp text."
88,[10:35],10-35,2026-10-08 10:50:34,b91b9b33-3089-45e8-8555-72de3d51cdd2.jpg,"[10-35] Hand-drawn 2D doodle cartoon animation, flat colors, bold black outlines, slightly imperfect sketchy marker lines, bold ALL CAPS red marker text reading MAXIMUM DEATH.jpg","Hand-drawn 2D doodle cartoon animation, flat colors, bold black outlines, slightly imperfect sketchy marker lines, bold ALL CAPS red marker text reading MAXIMUM DEATH with a thick black diagonal X drawn across it, white background, no gradients, no shadows, no textures, no photorealism, no 3D, 16:9 aspect ratio, educational YouTube explainer doodle style. Do not render the timestamp text."
89,[10:39],10-39,2026-10-08 10:51:24,c2aebbb9-37f3-4b52-bf72-7bf71c78aa5e.jpg,"[10-39] Hand-drawn 2D doodle cartoon animation, flat colors, bold black outlines, slightly imperfect sketchy marker lines, bold ALL CAPS golden yellow marker text centered.jpg","Hand-drawn 2D doodle cartoon animation, flat colors, bold black outlines, slightly imperfect sketchy marker lines, bold ALL CAPS golden yellow marker text centered reading MAXIMUM SPECTACLE, several small repeated match-icon symbols arranged beneath it, white background, no gradients, no shadows, no textures, no photorealism, no 3D, 16:9 aspect ratio, educational YouTube explainer doodle style. Do not render the timestamp text."
90,[10:51],10-51,2026-10-08 10:52:24,3012d121-023f-46c0-a9e8-560c6caad186.jpg,"[10-51] Hand-drawn 2D doodle cartoon animation, flat colors, bold black outlines, slightly imperfect sketchy marker lines, the barley bowl icon from earlier beside a.jpg","Hand-drawn 2D doodle cartoon animation, flat colors, bold black outlines, slightly imperfect sketchy marker lines, the barley bowl icon from earlier beside a crossed-out word MERCY in bold red marker text, tan background, no gradients, no shadows, no textures, no photorealism, no 3D, 16:9 aspect ratio, educational YouTube explainer doodle style. Do not render the timestamp text."
91,[10:53],10-53,2026-10-08 10:53:23,994cb314-a1b7-464c-8f36-584c8503e9f3.jpg,"[10-53] Hand-drawn 2D doodle cartoon animation, flat colors, bold black outlines, slightly imperfect sketchy marker lines, bold ALL CAPS marker text centered reading ASSET.jpg","Hand-drawn 2D doodle cartoon animation, flat colors, bold black outlines, slightly imperfect sketchy marker lines, bold ALL CAPS marker text centered reading ASSET MANAGEMENT, a small ledger-and-coin icon beside it, tan background, no gradients, no shadows, no textures, no photorealism, no 3D, 16:9 aspect ratio, educational YouTube explainer doodle style. Do not render the timestamp text."
92,[10:55],10-55,2026-10-08 10:54:23,db5fb499-d449-4637-878a-c0e8d88838b8.jpg,"[10-55] Hand-drawn 2D doodle cartoon animation, flat colors, bold black outlines, slightly imperfect sketchy marker lines, the word MISSIO in bold text beside a crossed-out.jpg","Hand-drawn 2D doodle cartoon animation, flat colors, bold black outlines, slightly imperfect sketchy marker lines, the word MISSIO in bold text beside a crossed-out word KINDNESS in red marker text, tan background, no gradients, no shadows, no textures, no photorealism, no 3D, 16:9 aspect ratio, educational YouTube explainer doodle style. Do not render the timestamp text."
93,[10:57],10-57,2026-10-08 10:55:23,5ebf35b8-d1b2-4718-838d-c78be9656e8e.jpg,"[10-57] Hand-drawn 2D doodle cartoon animation, flat colors, bold black outlines, slightly imperfect sketchy marker lines, a small coin icon forming a protective shell around.jpg","Hand-drawn 2D doodle cartoon animation, flat colors, bold black outlines, slightly imperfect sketchy marker lines, a small coin icon forming a protective shell around a gladiator stick figure, tan background, no gradients, no shadows, no textures, no photorealism, no 3D, 16:9 aspect ratio, educational YouTube explainer doodle style. Do not render the timestamp text."
94,[11:01],11-01,2026-10-08 10:56:23,247aa574-77ca-4087-aca0-5fe8df213101.jpg,"[11-01] Hand-drawn 2D doodle cartoon animation, flat colors, bold black outlines, slightly imperfect sketchy marker lines, a quiet, still gladiator stick figure silhouette.jpg","Hand-drawn 2D doodle cartoon animation, flat colors, bold black outlines, slightly imperfect sketchy marker lines, a quiet, still gladiator stick figure silhouette standing alone, the word MYTH fading away in faint outline above it, white background, no gradients, no shadows, no textures, no photorealism, no 3D, 16:9 aspect ratio, educational YouTube explainer doodle style. Do not render the timestamp text."
95,[11:08],11-08,2026-10-08 10:57:24,3915430b-459e-4eef-8329-c4bb3b9de3ff.jpg,"[11-08] Hand-drawn 2D doodle cartoon animation, flat colors, bold black outlines, slightly imperfect sketchy marker lines, bold ALL CAPS red marker text reading END HIS LIFE.jpg","Hand-drawn 2D doodle cartoon animation, flat colors, bold black outlines, slightly imperfect sketchy marker lines, bold ALL CAPS red marker text reading END HIS LIFE with a thick black diagonal X drawn across it, white background, no gradients, no shadows, no textures, no photorealism, no 3D, 16:9 aspect ratio, educational YouTube explainer doodle style. Do not render the timestamp text."
96,[11:11],11-11,2026-10-08 10:58:23,fd70f122-5cfe-428d-ac24-c3dbbfce16f5.jpg,"[11-11] Hand-drawn 2D doodle cartoon animation, flat colors, bold black outlines, slightly imperfect sketchy marker lines, a gladiator stick figure performing in the arena.jpg","Hand-drawn 2D doodle cartoon animation, flat colors, bold black outlines, slightly imperfect sketchy marker lines, a gladiator stick figure performing in the arena with a cheering crowd, the scene slowly fading toward the edges of the frame, tan background, no gradients, no shadows, no textures, no photorealism, no 3D, 16:9 aspect ratio, educational YouTube explainer doodle style. Do not render the timestamp text."
97,[11:19],11-19,2026-10-08 10:59:24,b24ec536-4cd5-4699-a089-0f7b9daa0e5e.jpg,"[11-19] Hand-drawn 2D doodle cartoon animation, flat colors, bold black outlines, slightly imperfect sketchy marker lines, a split frame showing a dramatic movie-poster-style.jpg","Hand-drawn 2D doodle cartoon animation, flat colors, bold black outlines, slightly imperfect sketchy marker lines, a split frame showing a dramatic movie-poster-style gladiator figure on one side and a plain ordinary stick figure on the other, white background, no gradients, no shadows, no textures, no photorealism, no 3D, 16:9 aspect ratio, educational YouTube explainer doodle style. Do not render the timestamp text."
98,[11:23],11-23,2026-10-08 11:00:23,bc4a663d-79d2-478d-9156-672c1a1f2a7d.jpg,"[11-23] Hand-drawn 2D doodle cartoon animation, flat colors, bold black outlines, slightly imperfect sketchy marker lines, bold ALL CAPS red marker text reading DRAMATIC DEATH.jpg","Hand-drawn 2D doodle cartoon animation, flat colors, bold black outlines, slightly imperfect sketchy marker lines, bold ALL CAPS red marker text reading DRAMATIC DEATH with a thick black diagonal X drawn across it, white background, no gradients, no shadows, no textures, no photorealism, no 3D, 16:9 aspect ratio, educational YouTube explainer doodle style. Do not render the timestamp text."
99,[11:27],11-27,2026-10-08 11:01:23,0c173726-0d5a-4c1a-a458-1fefa5e555de.jpg,"[11-27] Hand-drawn 2D doodle cartoon animation, flat colors, bold black outlines, slightly imperfect sketchy marker lines, a gladiator stick figure falling, then standing back.jpg","Hand-drawn 2D doodle cartoon animation, flat colors, bold black outlines, slightly imperfect sketchy marker lines, a gladiator stick figure falling, then standing back up again, shown in a simple repeating circular arrow cycle, tan background, no gradients, no shadows, no textures, no photorealism, no 3D, 16:9 aspect ratio, educational YouTube explainer doodle style. Do not render the timestamp text."
100,[11:43],11-43,2026-10-08 11:02:23,b691b395-6028-431b-884d-3ee7b659df24.jpg,"[11-43] Hand-drawn 2D doodle cartoon animation, flat colors, bold black outlines, slightly imperfect sketchy marker lines, a single gladiator stick figure standing quietly.jpg","Hand-drawn 2D doodle cartoon animation, flat colors, bold black outlines, slightly imperfect sketchy marker lines, a single gladiator stick figure standing quietly, slowly fading into a soft shadow silhouette, white background, no gradients, no shadows, no textures, no photorealism, no 3D, 16:9 aspect ratio, educational YouTube explainer doodle style. Do not render the timestamp text."
